evals,best_cost
120,2.718460216522217
240,2.5100688314437867
360,2.5100688314437867
480,2.5100688314437867
600,2.5023213386535645
720,2.4776861238479615
840,2.4547373040517173
960,2.4108058182398477
1080,2.3808376121520998
1200,2.3808376121520998
1320,2.3808376121520998
1440,2.3616626103719076
1560,2.3616626103719076
1680,2.3470063177744547
1800,2.343917646408081
1920,2.343917646408081
2040,2.3421228551864623
2160,2.342114170392354
2280,2.3413122542699174
2400,2.3413122542699174
2520,2.3411705017089846
2640,2.340859168370565
2760,2.340859168370565
2880,2.340840859413147
3000,2.3408081134160357
3120,2.3408045021692914
3240,2.3408002503712972
3360,2.3408002503712972
3480,2.3408002503712972
3600,2.3408002503712972
